insert into sport(id, value)
values (1, 'Футбол'),
       (2, 'Хоккей'),
       (3, 'Теннис'),
       (4, 'Бег'),
       (5, 'Баскетбол'),
       (6, 'Волейбол');

insert into athlete_rank(id, value)
values (1, 'Нет'),
       (2, '3 юношеский'),
       (3, '2 юношеский'),
       (4, '1 юношеский'),
       (5, '3'),
       (6, '2'),
       (7, '1'),
       (8, 'КМС'),
       (9, 'МС'),
       (10, 'МСМК');

insert into court_surface(id, value)
values (1, 'Трава'),
       (2, 'Грунт'),
       (3, 'Хард'),
       (4, 'Ковер'),
       (5, 'Другое');

insert into sports_facility_type(id, value)
values (1, 'court'),
       (2, 'gym'),
       (3, 'stadium'),
       (4, 'arena');

insert into sports_facility(id, address, type)
values (1, 'г.Новосибирск, ул.Ленина 17', 1),
       (2, 'г.Новосибирск, ул.Красный проспект 33', 1),
       (3, 'г.Новосибирск, ул.Ляпунова 51', 1),
       (4, 'г.Новосибирск, ул.Морской проспект 66', 1),
       (5, 'г.Новосибирск, ул.Пушкина 95', 1);

insert into court(id, sports_facility_id, surface)
values (1, 1, 1),
       (2, 2, 2),
       (3, 3, 3),
       (4, 4, 4),
       (5, 5, 5);

insert into sports_facility(id, address, type)
values (6, 'г.Новосибирск, ул.Высоцкого 43', 2),
       (7, 'г.Новосибирск, ул.Зилакамова 117', 2),
       (8, 'г.Новосибирск, ул.Тайская 15', 2),
       (9, 'г.Новосибирск, ул.Колотушкина 83', 2),
       (10, 'г.Новосибирск, ул.Зуева 9', 2);

insert into gym(id, sports_facility_id, floor_area)
values (1, 6, 177.8),
       (2, 7, 32.5),
       (3, 8, 211),
       (4, 9, 150.4),
       (5, 10, 124.3);

insert into sports_facility(id, address, type)
values (11, 'г.Новосибирск, ул.Московская 211', 3),
       (12, 'г.Новосибирск, ул.Кропоткина 64', 3),
       (13, 'г.Новосибирск, ул.Советская 1', 3),
       (14, 'г.Новосибирск, ул.Орешкина 92', 3),
       (15, 'г.Новосибирск, ул.Кукуева 23', 3);

insert into stadium(id, sports_facility_id, capacity)
values (1, 11, 17000),
       (2, 12, 3000),
       (3, 13, 200),
       (4, 14, 5000),
       (5, 15, 21000);

insert into sports_facility(id, address, type)
values (16, 'г.Новосибирск, ул.Крузенштейна 7', 4),
       (17, 'г.Новосибирск, ул.Промышленная 68/3', 4),
       (18, 'г.Новосибирск, ул.Кирова 5', 4),
       (19, 'г.Новосибирск, ул.Жемчужная 82', 4),
       (20, 'г.Новосибирск, ул.Русская 2', 4);

insert into arena(id, sports_facility_id, track_number)
values (1, 16, 5),
       (2, 17, 3),
       (3, 18, 7),
       (4, 19, 12),
       (5, 20, 5);

insert into sport_club(id, title)
values (1, 'Сибирь'),
       (2, 'Локомотив'),
       (3, 'Спартак'),
       (4, 'Динамо'),
       (5, 'Витязь');

insert into athlete(id, first_name, patronymic, last_name, club)
values (1, 'Иван', 'Сергеевич', 'Ожегов', 1),
       (2, 'Кирилл', 'Алексеевич', 'Жарков', 1),
       (3, 'Никита', 'Владимирович', 'Мальцев', 1),
       (4, 'Матвей', 'Анатольевич', 'Леоненко', 2),
       (5, 'Владимир', 'Викторович', 'Мандрыко', 2),
       (6, 'Александр', 'Юрьевич', 'Рогов', 2),
       (7, 'Михаил', 'Дмитриевич', 'Иванов', 2),
       (8, 'Геннадий', 'Евгеньевич', 'Зарубин', 3),
       (9, 'Антон', 'Антонович', 'Зиновьев', 3),
       (10, 'Игорь', 'Александрович', 'Дорощук', 4),
       (11, 'Андрей', 'Николаевич', 'Свиридов', 4),
       (12, 'Максим', 'Владиславович', 'Демин', 4),
       (13, 'Тимофей', 'Петрович', 'Ворошилов', 4),
       (14, 'Эрнест', 'Данилович', 'Калашников', 4),
       (15, 'Алексей', 'Игоревич', 'Табаков', 5),
       (16, 'Вадим', 'Никитич', 'Проценко', 5),
       (17, 'Дмитрий', 'Юрьевич', 'Гармаев', 5),
       (18, 'Евгений', 'Владимирович', 'Луцук', 5),
       (19, 'Анатолий', 'Геннадьевич', 'Русских', 1),
       (20, 'Джордж', null, 'Смитт', 1);


insert into athlete_ranking(athlete_id, sport, rank)
values (1, 2, 9),
       (1, 4, 1),
       (2, 2, 8),
       (3, 2, 7),
       (4, 3, 10),
       (4, 4, 5),
       (5, 1, 4),
       (5, 5, 5),
       (5, 4, 1),
       (6, 1, 3),
       (7, 6, 6),
       (8, 6, 2),
       (9, 5, 6),
       (9, 4, 2),
       (10, 5, 6),
       (11, 5, 8),
       (12, 3, 5),
       (13, 3, 7),
       (14, 4, 4),
       (15, 4, 6),
       (16, 1, 8),
       (17, 1, 7),
       (18, 1, 3),
       (19, 6, 9),
       (20, 6, 10);

insert into trainer(id, first_name, patronymic, last_name)
values (1, 'Георгий', 'Васильевич', 'Савостьянов'),
       (2, 'Борис', 'Владленович', 'Тимофеев'),
       (3, 'Василий', 'Никитич', 'Балабанов'),
       (4, 'Геннадий', 'Игоревич', 'Быков'),
       (5, 'Сергей', 'Вячеславович', 'Тарков'),
       (6, 'Иван', 'Тимофеевич', 'Безымянных'),
       (7, 'Уильям', null, 'Кук');

insert into trainer_license(id, trainer_id, sport)
values (1, 1, 1),
       (2, 2, 2),
       (3, 3, 6),
       (4, 4, 3),
       (5, 5, 4),
       (6, 5, 5),
       (7, 6, 2),
       (8, 6, 4),
       (9, 7, 5),
       (10, 7, 6);

insert into training(athlete_id, trainer_license_id)
values (1, 2),
       (1, 5),
       (2, 2),
       (3, 7),
       (4, 4),
       (5, 1),
       (5, 6),
       (5, 5),
       (6, 1),
       (7, 3),
       (8, 10),
       (9, 9),
       (10, 9),
       (11, 6),
       (12, 4),
       (13, 4),
       (14, 8),
       (15, 8),
       (16, 1),
       (17, 1),
       (18, 1),
       (19, 3),
       (20, 10);

insert into sponsor(id, name, company)
values (1, 'Г.К. Кугаевских', 'Газпром'),
       (2, null, 'Лукойл'),
       (3, 'О.Ю. Тиньков', null),
       (4, null, 'Тензор'),
       (5, null, 'ООО Платон');

insert into competition(id, title, period, main_sponsor, sport, location)
values (1, 'Чемпионат России по хоккею', '2022-01-12', 1, 2, 15),
       (2, 'Первенство Новосибирска по хоккею', '2021-11-01', 4, 2, 12),
       (3, 'Чемпионат России по Футболу', '2021-06-23', 2, 1, 11),
       (4, 'Кубок академгородка', '2020-08-15', 3, 1, 14),
       (5, 'Чемпионат России по Теннису', '2019-04-27', 2, 3, 1),
       (6, 'Теннисное первенство Новосибирска', '2021-10-18', 5, 3, 4),
       (7, 'Соревнования по легкой атлетике', '2018-05-09', 1, 4, 19),
       (8, 'Марафон ко дню знаний', '2017-09-01', 4, 4, 20),
       (9, 'Студенческие соревнования по Баскетболу', '2022-06-01', 1, 5, 8),
       (10, 'Кубок затулинки', '2015-07-10', 5, 6, 9);

insert into competition_player(athlete_id, competition_id, was_awarding, result)
values (1, 1, true, 1),
       (2, 1, true, 2),
       (3, 1, true, 3),
       (1, 2, true, 2),
       (2, 2, true, 1),
       (16, 3, true, 1),
       (17, 3, true, 2),
       (5, 4, true, 1),
       (6, 4, true, 3),
       (18, 4, true, 4),
       (17, 4, true, 2),
       (4, 5, true, 1),
       (13, 5, true, 2),
       (12, 6, true, 2),
       (13, 6, true, 1),
       (4, 7, true, 1),
       (14, 7, true, 3),
       (15, 7, true, 2),
       (9, 8, true, 2),
       (14, 8, true, 1),
       (5, 9, false, 0),
       (9, 9, false, 0),
       (10, 9, false, 0),
       (11, 9, false, 0),
       (7, 10, true, 3),
       (8, 10, true, 4),
       (19, 10, true, 2),
       (20, 10, true, 1);